[
  {
    "Matrikelnummer": "k1055000",
    "Grade UE": 1
  },
  {
    "Matrikelnummer": "k1055001",
    "Grade UE": 3
  },
  {
    "Matrikelnummer": "k1055002",
    "Grade UE": 1
  },
  {
    "Matrikelnummer": "k1055003",
    "Grade UE": 3
  },
  {
    "Matrikelnummer": "k1055004",
    "Grade UE": 4
  },
  {
    "Matrikelnummer": "k1055005",
    "Grade UE": 5
  },
  {
    "Matrikelnummer": "k1055006",
    "Grade UE": 3
  },
  {
    "Matrikelnummer": "k1055007",
    "Grade UE": 2
  },
  {
    "Matrikelnummer": "k1055008",
    "Grade UE": 3
  },
  {
    "Matrikelnummer": "k1055009",
    "Grade UE": 5
  },
  {
    "Matrikelnummer": "k1055010",
    "Grade UE": 3
  },
  {
    "Matrikelnummer": "k1055011",
    "Grade UE": 1
  },
  {
    "Matrikelnummer": "k1055012",
    "Grade UE": 1
  },
  {
    "Matrikelnummer": "k1055013",
    "Grade UE": 3
  },
  {
    "Matrikelnummer": "k1055014",
    "Grade UE": 2
  },
  {
    "Matrikelnummer": "k1055015",
    "Grade UE": 1
  },
  {
    "Matrikelnummer": "k1055016",
    "Grade UE": 4
  },
  {
    "Matrikelnummer": "k1055017",
    "Grade UE": 2
  },
  {
    "Matrikelnummer": "k1055018",
    "Grade UE": 4
  },
  {
    "Matrikelnummer": "k1055019",
    "Grade UE": 1
  },
  {
    "Matrikelnummer": "k1055020",
    "Grade UE": 4
  },
  {
    "Matrikelnummer": "k1055021",
    "Grade UE": 1
  },
  {
    "Matrikelnummer": "k1055022",
    "Grade UE": 3
  },
  {
    "Matrikelnummer": "k1055023",
    "Grade UE": 1
  },
  {
    "Matrikelnummer": "k1055024",
    "Grade UE": 2
  },
  {
    "Matrikelnummer": "k1055025",
    "Grade UE": 4
  },
  {
    "Matrikelnummer": "k1055026",
    "Grade UE": 2
  },
  {
    "Matrikelnummer": "k1055027",
    "Grade UE": 1
  },
  {
    "Matrikelnummer": "k1055028",
    "Grade UE": 1
  },
  {
    "Matrikelnummer": "k1055029",
    "Grade UE": 5
  },
  {
    "Matrikelnummer": "k1055030",
    "Grade UE": 3
  },
  {
    "Matrikelnummer": "k1055031",
    "Grade UE": 3
  },
  {
    "Matrikelnummer": "k1055032",
    "Grade UE": 1
  },
  {
    "Matrikelnummer": "k1055033",
    "Grade UE": 2
  },
  {
    "Matrikelnummer": "k1055034",
    "Grade UE": 1
  },
  {
    "Matrikelnummer": "k1055035",
    "Grade UE": 5
  },
  {
    "Matrikelnummer": "k1155036",
    "Grade UE": 2
  },
  {
    "Matrikelnummer": "k1155037",
    "Grade UE": 2
  },
  {
    "Matrikelnummer": "k1155038",
    "Grade UE": 3
  },
  {
    "Matrikelnummer": "k1155039",
    "Grade UE": 2
  },
  {
    "Matrikelnummer": "k1155040",
    "Grade UE": 4
  },
  {
    "Matrikelnummer": "k1155041",
    "Grade UE": 2
  },
  {
    "Matrikelnummer": "k1155042",
    "Grade UE": 2
  },
  {
    "Matrikelnummer": "k1155043",
    "Grade UE": 2
  },
  {
    "Matrikelnummer": "k1155044",
    "Grade UE": 1
  },
  {
    "Matrikelnummer": "k1155045",
    "Grade UE": 4
  },
  {
    "Matrikelnummer": "k1155046",
    "Grade UE": 1
  },
  {
    "Matrikelnummer": "k1155047",
    "Grade UE": 5
  },
  {
    "Matrikelnummer": "k1155048",
    "Grade UE": 3
  },
  {
    "Matrikelnummer": "k1155049",
    "Grade UE": 2
  },
  {
    "Matrikelnummer": "k1155050",
    "Grade UE": 3
  },
  {
    "Matrikelnummer": "k1155051",
    "Grade UE": 5
  },
  {
    "Matrikelnummer": "k1155052",
    "Grade UE": 2
  },
  {
    "Matrikelnummer": "k1155053",
    "Grade UE": 3
  },
  {
    "Matrikelnummer": "k1155054",
    "Grade UE": 3
  },
  {
    "Matrikelnummer": "k1155055",
    "Grade UE": 1
  },
  {
    "Matrikelnummer": "k1155056",
    "Grade UE": 5
  },
  {
    "Matrikelnummer": "k1155057",
    "Grade UE": 1
  },
  {
    "Matrikelnummer": "k1155058",
    "Grade UE": 4
  },
  {
    "Matrikelnummer": "k1155059",
    "Grade UE": 1
  },
  {
    "Matrikelnummer": "k1155060",
    "Grade UE": 3
  },
  {
    "Matrikelnummer": "k1155061",
    "Grade UE": 2
  },
  {
    "Matrikelnummer": "k1155062",
    "Grade UE": 2
  },
  {
    "Matrikelnummer": "k1155063",
    "Grade UE": 2
  },
  {
    "Matrikelnummer": "k1155064",
    "Grade UE": 2
  },
  {
    "Matrikelnummer": "k1155065",
    "Grade UE": 4
  },
  {
    "Matrikelnummer": "k1155066",
    "Grade UE": 1
  },
  {
    "Matrikelnummer": "k1155067",
    "Grade UE": 1
  },
  {
    "Matrikelnummer": "k1155068",
    "Grade UE": 4
  },
  {
    "Matrikelnummer": "k1155069",
    "Grade UE": 1
  },
  {
    "Matrikelnummer": "k1155070",
    "Grade UE": 2
  },
  {
    "Matrikelnummer": "k1155071",
    "Grade UE": 1
  },
  {
    "Matrikelnummer": "k1255072",
    "Grade UE": 1
  },
  {
    "Matrikelnummer": "k1255073",
    "Grade UE": 2
  },
  {
    "Matrikelnummer": "k1255074",
    "Grade UE": 5
  },
  {
    "Matrikelnummer": "k1255075",
    "Grade UE": 3
  },
  {
    "Matrikelnummer": "k1255076",
    "Grade UE": 3
  },
  {
    "Matrikelnummer": "k1255077",
    "Grade UE": 1
  },
  {
    "Matrikelnummer": "k1255078",
    "Grade UE": 2
  },
  {
    "Matrikelnummer": "k1255079",
    "Grade UE": 4
  },
  {
    "Matrikelnummer": "k1255080",
    "Grade UE": 2
  },
  {
    "Matrikelnummer": "k1255081",
    "Grade UE": 5
  },
  {
    "Matrikelnummer": "k1255082",
    "Grade UE": 1
  },
  {
    "Matrikelnummer": "k1255083",
    "Grade UE": 3
  },
  {
    "Matrikelnummer": "k1255084",
    "Grade UE": 2
  },
  {
    "Matrikelnummer": "k1255085",
    "Grade UE": 1
  },
  {
    "Matrikelnummer": "k1255086",
    "Grade UE": 2
  },
  {
    "Matrikelnummer": "k1255087",
    "Grade UE": 1
  },
  {
    "Matrikelnummer": "k1255088",
    "Grade UE": 2
  },
  {
    "Matrikelnummer": "k1255089",
    "Grade UE": 2
  },
  {
    "Matrikelnummer": "k1255090",
    "Grade UE": 1
  },
  {
    "Matrikelnummer": "k1255091",
    "Grade UE": 3
  },
  {
    "Matrikelnummer": "k1255092",
    "Grade UE": 5
  },
  {
    "Matrikelnummer": "k1255093",
    "Grade UE": 4
  },
  {
    "Matrikelnummer": "k1255094",
    "Grade UE": 2
  },
  {
    "Matrikelnummer": "k1255095",
    "Grade UE": 5
  },
  {
    "Matrikelnummer": "k1255096",
    "Grade UE": 4
  },
  {
    "Matrikelnummer": "k1255097",
    "Grade UE": 1
  },
  {
    "Matrikelnummer": "k1255098",
    "Grade UE": 5
  },
  {
    "Matrikelnummer": "k1255099",
    "Grade UE": 5
  },
  {
    "Matrikelnummer": "k1255100",
    "Grade UE": 2
  },
  {
    "Matrikelnummer": "k1255101",
    "Grade UE": 5
  },
  {
    "Matrikelnummer": "k1255102",
    "Grade UE": 2
  },
  {
    "Matrikelnummer": "k1255103",
    "Grade UE": 5
  },
  {
    "Matrikelnummer": "k1255104",
    "Grade UE": 4
  },
  {
    "Matrikelnummer": "k1255105",
    "Grade UE": 5
  },
  {
    "Matrikelnummer": "k1255106",
    "Grade UE": 4
  },
  {
    "Matrikelnummer": "k1255107",
    "Grade UE": 2
  },
  {
    "Matrikelnummer": "k1255108",
    "Grade UE": 5
  },
  {
    "Matrikelnummer": "k1255109",
    "Grade UE": 5
  },
  {
    "Matrikelnummer": "k1367021",
    "Grade UE": 3
  },
  {
    "Matrikelnummer": "k1367022",
    "Grade UE": 2
  },
  {
    "Matrikelnummer": "k1367023",
    "Grade UE": 1
  },
  {
    "Matrikelnummer": "k1367024",
    "Grade UE": 1
  },
  {
    "Matrikelnummer": "k1367025",
    "Grade UE": 3
  },
  {
    "Matrikelnummer": "k1367026",
    "Grade UE": 4
  },
  {
    "Matrikelnummer": "k1367027",
    "Grade UE": 1
  },
  {
    "Matrikelnummer": "k1367028",
    "Grade UE": 2
  },
  {
    "Matrikelnummer": "k1367029",
    "Grade UE": 1
  },
  {
    "Matrikelnummer": "k1367030",
    "Grade UE": 3
  }
]
